facility_id,facility_name,facility_type,district,crs,risk_level,last_updated
node/6956627669,Raipur Institute Of Medical Sciences Hospital,Hospital,RAIPUR,0.375,High,2026-03-14 02:31:42
node/7148125239,Government hospital arang,Hospital,RAIPUR,0.375,High,2026-03-14 02:31:42
node/7148125257,Goverment hospital Gobra Nawapara,Hospital,RAIPUR,0.375,High,2026-03-14 02:31:42
node/12276858430,"Campion School, Raipur",School,RAIPUR,0.375,High,2026-03-14 02:31:42
node/6965834182,Jyoti Hospital and Prasuti Griha,Hospital,RAIPUR,0.3943011502265597,High,2026-03-14 02:31:42
node/7148125143,"Government Hospital, Tilda",Hospital,RAIPUR,0.3943011502265597,High,2026-03-14 02:31:42
node/6966792004,Evangelical Mission Hospital,Hospital,RAIPUR,0.3943011502265597,High,2026-03-14 02:31:42
node/6966522779,Mgm Eye Hospital,Hospital,RAIPUR,0.4012286510979435,Medium,2026-03-14 02:31:42
node/4445255005,Bharatiya vidya bhuvans R.K. sarda vidya mandir,School,RAIPUR,0.4012286510979435,Medium,2026-03-14 02:31:42
node/7148125120,Government Hospital Uparwara,Hospital,RAIPUR,0.4519539567843054,Medium,2026-03-14 02:31:42
node/4445112827,Narayana Hrudayalaya Mmi Hospital (Managed By Narayana Hrudayalaya Pvt Ltd - Bangalore) - Raipur,Hospital,RAIPUR,0.4781826078822488,Medium,2026-03-14 02:31:42
node/4445126014,Mayoor school,School,RAIPUR,0.4781826078822488,Medium,2026-03-14 02:31:42
node/4445117924,Krishna Public School,School,RAIPUR,0.4781826078822488,Medium,2026-03-14 02:31:42
node/4445119946,Shri Ganesh Vinayak Eye Hospital,Hospital,RAIPUR,0.4781826078822488,Medium,2026-03-14 02:31:42
node/4445120486,Holy Heartseducational academy,School,RAIPUR,0.4781826078822488,Medium,2026-03-14 02:31:42
node/3774564938,bagri nursing home,Hospital,RAIPUR,0.4781826078822488,Medium,2026-03-14 02:31:42
node/4445258453,MGM school,School,RAIPUR,0.4781826078822488,Medium,2026-03-14 02:31:42
node/4445382462,Ryan International School,School,RAIPUR,0.4781826078822488,Medium,2026-03-14 02:31:42
node/4446574875,Grass Memorial Ground,School,RAIPUR,0.4781826078822488,Medium,2026-03-14 02:31:42
node/4711002386,Mittal Hospital,Hospital,RAIPUR,0.4781826078822488,Medium,2026-03-14 02:31:42
node/5556568170,Navkar Hospital and Maternity Home,Hospital,RAIPUR,0.4781826078822488,Medium,2026-03-14 02:31:42
node/6283904436,Dispensary,Hospital,RAIPUR,0.4781826078822488,Medium,2026-03-14 02:31:42
node/6950645744,Karma Hospital,Hospital,RAIPUR,0.4781826078822488,Medium,2026-03-14 02:31:42
node/6950645749,Chhattisgarh Eye Hospital,Hospital,RAIPUR,0.4781826078822488,Medium,2026-03-14 02:31:42
node/6956627645,"Samarpan Hospital, Raipur",Hospital,RAIPUR,0.4781826078822488,Medium,2026-03-14 02:31:42
node/4445129008,Vardaan Hospital (Unit Of Jindal Medicare),Hospital,RAIPUR,0.4781826078822488,Medium,2026-03-14 02:31:42
node/4445146001,Yashwant Hospital,Hospital,RAIPUR,0.4781826078822488,Medium,2026-03-14 02:31:42
node/4445137285,Bal Gopal Children Hospital and Research Institute,Hospital,RAIPUR,0.4781826078822488,Medium,2026-03-14 02:31:42
node/4445158557,Bharat Mata higher secondary school,School,RAIPUR,0.4781826078822488,Medium,2026-03-14 02:31:42
node/4445165297,Dronacharya public school,School,RAIPUR,0.4781826078822488,Medium,2026-03-14 02:31:42
node/4445176350,The Radient Way School,School,RAIPUR,0.4781826078822488,Medium,2026-03-14 02:31:42
node/4445104811,Ramkrishna Care Hospital,Hospital,RAIPUR,0.4781826078822488,Medium,2026-03-14 02:31:42
node/6957120067,Srimaa Sarada Arogyadham,Hospital,RAIPUR,0.4781826078822488,Medium,2026-03-14 02:31:42
node/6956629791,Prannath Mission Hospital,Hospital,RAIPUR,0.4781826078822488,Medium,2026-03-14 02:31:42
node/6956629796,Piles Care Hospital,Hospital,RAIPUR,0.4781826078822488,Medium,2026-03-14 02:31:42
node/6956629801,Tharani Children Hospital And Dental Clinic,Hospital,RAIPUR,0.4781826078822488,Medium,2026-03-14 02:31:42
node/6956629810,Dr. M.R. Bhagwat Memorial Hospital,Hospital,RAIPUR,0.4781826078822488,Medium,2026-03-14 02:31:42
node/6956629815,Kalda Plastic and Cosmetic Surgery Institute and Burn Centre,Hospital,RAIPUR,0.4781826078822488,Medium,2026-03-14 02:31:42
node/6956629976,Vidya Hospital And Kidney Centre,Hospital,RAIPUR,0.4781826078822488,Medium,2026-03-14 02:31:42
node/6956655133,Shri Aurobindo Medical Research Centre,Hospital,RAIPUR,0.4781826078822488,Medium,2026-03-14 02:31:42
node/6956655140,Shree Sai Care Hospital,Hospital,RAIPUR,0.4781826078822488,Medium,2026-03-14 02:31:42
node/6956655145,Shree Medishine Hospital - Raipur,Hospital,RAIPUR,0.4781826078822488,Medium,2026-03-14 02:31:42
node/6956655152,Sarvodaya Hospital and Maternity Center,Hospital,RAIPUR,0.4781826078822488,Medium,2026-03-14 02:31:42
node/6957120029,Visharad Hospital,Hospital,RAIPUR,0.4781826078822488,Medium,2026-03-14 02:31:42
node/6957120034,Urmila Memorial Multispeciality Hospital,Hospital,RAIPUR,0.4781826078822488,Medium,2026-03-14 02:31:42
node/6957120039,"Upadhyay Hospital, Raipur",Hospital,RAIPUR,0.4781826078822488,Medium,2026-03-14 02:31:42
node/6957120057,Subham Hospital and Maternity Home,Hospital,RAIPUR,0.4781826078822488,Medium,2026-03-14 02:31:42
node/6957120062,Subba Rao Hospital,Hospital,RAIPUR,0.4781826078822488,Medium,2026-03-14 02:31:42
node/6965495374,Sahai Hospital,Hospital,RAIPUR,0.4781826078822488,Medium,2026-03-14 02:31:42
node/6957120077,Sobhagya Hospital,Hospital,RAIPUR,0.4781826078822488,Medium,2026-03-14 02:31:42
node/6957120082,"Shri Ram Hospital, Raipur",Hospital,RAIPUR,0.4781826078822488,Medium,2026-03-14 02:31:42
node/6957133287,Shri Balaji Institute Of Medical Science Pvt Ltd,Hospital,RAIPUR,0.4781826078822488,Medium,2026-03-14 02:31:42
node/6957503647,"Pathak Hospital, Raipur",Hospital,RAIPUR,0.4781826078822488,Medium,2026-03-14 02:31:42
node/6957503652,Gbg Kidney Care Hospital,Hospital,RAIPUR,0.4781826078822488,Medium,2026-03-14 02:31:42
node/6965495354,Modi Hospital,Hospital,RAIPUR,0.4781826078822488,Medium,2026-03-14 02:31:42
node/6965495359,Jagjivan Urology Centre,Hospital,RAIPUR,0.4781826078822488,Medium,2026-03-14 02:31:42
node/6965497709,Ganpati Hospital (Banthia Hospital),Hospital,RAIPUR,0.4781826078822488,Medium,2026-03-14 02:31:42
node/6950645773,Devi Laxmi Hospital,Hospital,RAIPUR,0.4781826078822488,Medium,2026-03-14 02:31:42
node/6950646487,Sanjeevani Cbcc Usa Cancer Hospital,Hospital,RAIPUR,0.4781826078822488,Medium,2026-03-14 02:31:42
node/6953541281,Aashirwad Fertility and Endoscopy Center,Hospital,RAIPUR,0.4781826078822488,Medium,2026-03-14 02:31:42
node/6956627655,Sai Kalayan Hospital And Icu,Hospital,RAIPUR,0.4781826078822488,Medium,2026-03-14 02:31:42
node/6956627650,Sai Sushrusha Hospital,Hospital,RAIPUR,0.4781826078822488,Medium,2026-03-14 02:31:42
node/6956627660,Sai Baba Eye Hospital,Hospital,RAIPUR,0.4781826078822488,Medium,2026-03-14 02:31:42
node/4445113471,Suyash Superspeciality Hospital,Hospital,RAIPUR,0.4781826078822488,Medium,2026-03-14 02:31:42
node/6968263373,Pt.J N M Medical College Hospital,Hospital,RAIPUR,0.4781826078822488,Medium,2026-03-14 02:31:42
node/6965497724,Jeewan Memorial Hospital For Plastic Surgery and Uro,Hospital,RAIPUR,0.4781826078822488,Medium,2026-03-14 02:31:42
node/6965497714,"Yashwant Hospital, Raipur",Hospital,RAIPUR,0.4781826078822488,Medium,2026-03-14 02:31:42
node/6965497719,"Tripathi Hospital, Raipur",Hospital,RAIPUR,0.4781826078822488,Medium,2026-03-14 02:31:42
node/6965497699,Nigam Ent Hospital,Hospital,RAIPUR,0.4781826078822488,Medium,2026-03-14 02:31:42
node/6965497689,P D Jethani Memorial Hospital and Diagnostic Center,Hospital,RAIPUR,0.4781826078822488,Medium,2026-03-14 02:31:42
node/6965495384,"Pragya Hospital, Raipur",Hospital,RAIPUR,0.4781826078822488,Medium,2026-03-14 02:31:42
node/6965497729,Om Netra Kendra,Hospital,RAIPUR,0.4781826078822488,Medium,2026-03-14 02:31:42
node/6965834122,Bachpan Hospital,Hospital,RAIPUR,0.4781826078822488,Medium,2026-03-14 02:31:42
node/6965834136,Bhattar Hospital,Hospital,RAIPUR,0.4781826078822488,Medium,2026-03-14 02:31:42
node/6965834146,City Hospital And Research Centre,Hospital,RAIPUR,0.4781826078822488,Medium,2026-03-14 02:31:42
node/6965834156,Devkripa Hospital and Doctor Plaza,Hospital,RAIPUR,0.4781826078822488,Medium,2026-03-14 02:31:42
node/6965497749,Dr. Rajehwari Kulkarni Surgical Hospital And Dia,Hospital,RAIPUR,0.4781826078822488,Medium,2026-03-14 02:31:42
node/6965497734,Roopjeevan Hospital,Hospital,RAIPUR,0.4781826078822488,Medium,2026-03-14 02:31:42
node/6965497739,Jubesta Hospital,Hospital,RAIPUR,0.4781826078822488,Medium,2026-03-14 02:31:42
node/6965497744,"Jain Hospital, Raipur",Hospital,RAIPUR,0.4781826078822488,Medium,2026-03-14 02:31:42
node/6965834177,"Heritage Hospital, Raipur",Hospital,RAIPUR,0.4781826078822488,Medium,2026-03-14 02:31:42
node/6965834176,Eye and Ent Hospital,Hospital,RAIPUR,0.4781826078822488,Medium,2026-03-14 02:31:42
node/6965834166,Dr. Sandeep Bhagwat Orthopedic Hospital,Hospital,RAIPUR,0.4781826078822488,Medium,2026-03-14 02:31:42
node/6965836187,K G N Surical and Maternity Centre,Hospital,RAIPUR,0.4781826078822488,Medium,2026-03-14 02:31:42
node/6965836202,Mahadev Hospital,Hospital,RAIPUR,0.4781826078822488,Medium,2026-03-14 02:31:42
node/6965836211,Mishra Speciality Hospital,Hospital,RAIPUR,0.4781826078822488,Medium,2026-03-14 02:31:42
node/6965836192,K.M. Hospital,Hospital,RAIPUR,0.4781826078822488,Medium,2026-03-14 02:31:42
node/6965836197,M. M. Hospital,Hospital,RAIPUR,0.4781826078822488,Medium,2026-03-14 02:31:42
node/6965836221,M D Hospital and Iccu,Hospital,RAIPUR,0.4781826078822488,Medium,2026-03-14 02:31:42
node/6965836216,Matra Smriti Hospital,Hospital,RAIPUR,0.4781826078822488,Medium,2026-03-14 02:31:42
node/6966551463,Suprita Hospital,Hospital,RAIPUR,0.4781826078822488,Medium,2026-03-14 02:31:42
node/6966792010,Lifeworth Super Speciality Hospital,Hospital,RAIPUR,0.4781826078822488,Medium,2026-03-14 02:31:42
node/6965834161,Dr. Jaulkar Ent Hospital,Hospital,RAIPUR,0.4781826078822488,Medium,2026-03-14 02:31:42
node/6965497759,Ekta Institute Of Child Health,Hospital,RAIPUR,0.4781826078822488,Medium,2026-03-14 02:31:42
node/6965834116,Ayush Hospital and Maternity Home,Hospital,RAIPUR,0.4781826078822488,Medium,2026-03-14 02:31:42
node/6965834121,Ayushman Hospital and Diagnostic Institute,Hospital,RAIPUR,0.4781826078822488,Medium,2026-03-14 02:31:42
node/7288964644,We Care Super Specialty Hospital,Hospital,RAIPUR,0.4781826078822488,Medium,2026-03-14 02:31:42
node/6966904976,Agrasen Hospital,Hospital,RAIPUR,0.4781826078822488,Medium,2026-03-14 02:31:42
node/6966904930,"Sahu Hospital, Raipur",Hospital,RAIPUR,0.4781826078822488,Medium,2026-03-14 02:31:42
node/6966904907,Shri Manulal Memorial Medical Centre,Hospital,RAIPUR,0.4781826078822488,Medium,2026-03-14 02:31:42
node/6968280856,Arihant Netralaya,Hospital,RAIPUR,0.4781826078822488,Medium,2026-03-14 02:31:42
node/6968280774,"Sanjeewan Hospital, Raipur",Hospital,RAIPUR,0.4781826078822488,Medium,2026-03-14 02:31:42
node/6968280740,"Kanwar Hospital, Raipur",Hospital,RAIPUR,0.4781826078822488,Medium,2026-03-14 02:31:42
node/6968280745,Raipur Hospital,Hospital,RAIPUR,0.4781826078822488,Medium,2026-03-14 02:31:42
node/7148125258,Shri Khudadad Dungaji Government Ayurved College Hospital,Hospital,RAIPUR,0.4781826078822488,Medium,2026-03-14 02:31:42
node/7148125099,Govt. T.B. Hospital,Hospital,RAIPUR,0.4781826078822488,Medium,2026-03-14 02:31:42
node/7148125202,"Government hospital,Khokhopara",Hospital,RAIPUR,0.4781826078822488,Medium,2026-03-14 02:31:42
node/7148125255,District Hospital Raipur,Hospital,RAIPUR,0.4781826078822488,Medium,2026-03-14 02:31:42
node/7148125312,Labhandhi Government Hospital,Hospital,RAIPUR,0.4781826078822488,Medium,2026-03-14 02:31:42
node/7148125308,Government Hospital,Hospital,RAIPUR,0.4781826078822488,Medium,2026-03-14 02:31:42
node/7288964595,Shri Balaji Hospital,Hospital,RAIPUR,0.4781826078822488,Medium,2026-03-14 02:31:42
node/7288964599,Jeevan Anmol Hospital,Hospital,RAIPUR,0.4781826078822488,Medium,2026-03-14 02:31:42
node/7288964664,Anand Shree Hospital,Hospital,RAIPUR,0.4781826078822488,Medium,2026-03-14 02:31:42
node/7288964602,Madhumeet Hospital,Hospital,RAIPUR,0.4781826078822488,Medium,2026-03-14 02:31:42
node/7288964603,Shri Krishna Hospital,Hospital,RAIPUR,0.4781826078822488,Medium,2026-03-14 02:31:42
node/7288964610,Raipura Hospital,Hospital,RAIPUR,0.4781826078822488,Medium,2026-03-14 02:31:42
node/7288964613,Awasthi Hospital,Hospital,RAIPUR,0.4781826078822488,Medium,2026-03-14 02:31:42
node/7288964616,Om Superspeciality Hospital,Hospital,RAIPUR,0.4781826078822488,Medium,2026-03-14 02:31:42
node/7288964641,Kankali Hospital Parisar,Hospital,RAIPUR,0.4781826078822488,Medium,2026-03-14 02:31:42
node/7288964642,Anjali Children Hospital,Hospital,RAIPUR,0.4781826078822488,Medium,2026-03-14 02:31:42
node/7288964673,Shri Jagannath Multispeciality Hospital,Hospital,RAIPUR,0.4781826078822488,Medium,2026-03-14 02:31:42
node/7288964648,District Police Hospital,Hospital,RAIPUR,0.4781826078822488,Medium,2026-03-14 02:31:42
node/7288964653,Dr Manoj Agrwal,Hospital,RAIPUR,0.4781826078822488,Medium,2026-03-14 02:31:42
node/7288964658,Avanti Hospital,Hospital,RAIPUR,0.4781826078822488,Medium,2026-03-14 02:31:42
node/7288964676,Gayatri Hospital,Hospital,RAIPUR,0.4781826078822488,Medium,2026-03-14 02:31:42
node/7288964666,Life Line Hospital,Hospital,RAIPUR,0.4781826078822488,Medium,2026-03-14 02:31:42
node/7288964679,Vijaya durga hospital,Hospital,RAIPUR,0.4781826078822488,Medium,2026-03-14 02:31:42
node/4445182024,Holy cross senior secondary school,School,RAIPUR,0.4781826078822488,Medium,2026-03-14 02:31:42
node/7736593775,Shri Venkatesh School,School,RAIPUR,0.4781826078822488,Medium,2026-03-14 02:31:42
node/8322190354,Daffodils English School,School,RAIPUR,0.4781826078822488,Medium,2026-03-14 02:31:42
node/7288964683,Dr Nigam Hospital,Hospital,RAIPUR,0.4781826078822488,Medium,2026-03-14 02:31:42
node/7288964681,Rajdhani Super Speciality Hospital,Hospital,RAIPUR,0.4781826078822488,Medium,2026-03-14 02:31:42
node/7291844243,Virdi Hospital,Hospital,RAIPUR,0.4781826078822488,Medium,2026-03-14 02:31:42
node/7291844245,DKS Super Speciality Hospital,Hospital,RAIPUR,0.4781826078822488,Medium,2026-03-14 02:31:42
node/7291844258,Mamta Hospital,Hospital,RAIPUR,0.4781826078822488,Medium,2026-03-14 02:31:42
node/7288964686,Shubham Hospital,Hospital,RAIPUR,0.4781826078822488,Medium,2026-03-14 02:31:42
node/7291844275,Shri Mahaveer Hospital,Hospital,RAIPUR,0.4781826078822488,Medium,2026-03-14 02:31:42
node/7291844281,Lotus Hospital & Advance Urology Center,Hospital,RAIPUR,0.4781826078822488,Medium,2026-03-14 02:31:42
node/7291844299,Chand Rani Sardari Lal Speciality EYE And ENT Hospital,Hospital,RAIPUR,0.4781826078822488,Medium,2026-03-14 02:31:42
node/7291844302,Petals Newborn And Children Hospital,Hospital,RAIPUR,0.4781826078822488,Medium,2026-03-14 02:31:42
node/7291844307,Shashwat Hospital,Hospital,RAIPUR,0.4781826078822488,Medium,2026-03-14 02:31:42
node/7291844314,Sagar Multi Speciality Hospital,Hospital,RAIPUR,0.4781826078822488,Medium,2026-03-14 02:31:42
node/7291844320,Sankalp Hospital,Hospital,RAIPUR,0.4781826078822488,Medium,2026-03-14 02:31:42
node/7291844264,"Om Hospital , Burn Plastic & Cosmetic Surgery Center",Hospital,RAIPUR,0.4781826078822488,Medium,2026-03-14 02:31:42
node/10939721749,A.S.M DENTAL CLINIC,Hospital,RAIPUR,0.4781826078822488,Medium,2026-03-14 02:31:42
node/10939807399,Shreevedam Dental and Aryuvedic Clinic,Hospital,RAIPUR,0.4781826078822488,Medium,2026-03-14 02:31:42
node/7148125111,Government Hospital Farfoud,Hospital,RAIPUR,0.625,Medium,2026-03-14 02:31:42
node/4994374903,primary government hospital Bangoli,Hospital,RAIPUR,0.625,Medium,2026-03-14 02:31:42
